Num_equipement,Systeme,Description,Date de détéction de l'anomalie,Description de l'équipement,Section propriétaire
3ffc499b-c8b0-42ba-b0aa-d56d373efebd,fcb1171d-3fb3-4695-9225-4aa60bf65788,Sein recevoir serrer frais affaire imposer que.,2022-07-05 08:32:56,VANNE DE REMPLISSAGE SAS A SOUS CHAMP 6 ELECTROFIL,14PER
d80caf8e-92e6-48c9-9b2d-6138d0f9cbc2,52a400ba-3fbe-4ba4-9fbf-dbd609efae4d,Matière rôle titre marquer semaine complet.,2024-05-31 10:30:15,V/R B P COLL VAP AUX,14LCH
5d4a313b-2a58-4d5d-9a4c-da1b8e973f4e,4acb2963-e64c-4a07-9f8d-ba03ec63aa6f,Comme million principe toute consentir trois.,2023-06-26 10:46:03,HUMIDIFICATEUR AIR POUR BAGUES,34EXP
c8f0263d-d8e9-4692-ae30-cf43785a044d,6b34622e-bbc4-4f47-bd4f-1a0d34e7e617,Juge appeler crainte conscience arrêter inspirer que vieillard remarquer président suivant fois fort.,2020-09-23 12:58:33,Echangeur RHT,14ENV
90b5ab0d-5705-49b6-8b03-3473a216289a,071f744d-2b59-4017-8b54-99363a1cca40,Million or réduire déposer fermer chaud trente semblable.,2021-05-17 11:51:26,MOTEUR BROYEUR C,34GMC
b0334efd-a630-4dae-a3dd-a7fb182b6c0c,b7dd37f4-8f86-4391-955e-c0db891bec12,Imaginer prouver haute donner blanc aucun blanc me obéir.,2021-09-08 10:36:18,Purge normale BP 2,SPM
765b32c1-2a61-4222-84c8-5519cec4346a,1c7fc197-44ed-4d71-b7aa-485d496a2f56,Fermer rideau pencher peuple relation livre marché crise cinq haut conscience loup profondément.,2021-07-14 08:53:48,Disjoncteur d'excitation de l'alternateur,LAB
9ee6a8af-2e4b-43d0-9ad0-305f31b4b0e7,66776911-166d-4cbf-9c59-b8922124b6b7,Professeur pied bleu rien campagne mort.,2021-09-29 20:13:33,BRÛLEUR A FIOUL ANGLE 1 ELEVATION CD.,34EL
62f1cc98-f010-46fa-a86a-cfcc2ea5409f,94c74c63-a75b-4f71-ad55-64ca18c458c1,Sérieux rapidement visible mourir cas brûler rare.,2024-01-12 03:35:32,AIR HEATER SOOTBLOWER  PESSURE REDUCING STATION,14LCH
8e09e6bc-0cb8-4b57-8139-0cc3fb4fb0e6,3c41f98b-dce1-4756-9f62-99d82d9a998d,Prouver payer tapis face chasser peur apparaître conversation atteindre avancer armée homme douleur.,2020-12-09 13:06:29,SAS A SOUS CHAMP 3 ELECTROFILTRE A,SMM
20dd2335-fe9f-48eb-b707-607f4e4494ca,8c925644-3527-4713-a37a-7458857987ae,Oeuvre comprendre mariage demain arrière voyage bande craindre.,2021-04-22 17:16:57,Moteur pompe eau de mer 10,34MD
f4ead1f6-4087-4a2a-ad4b-98eb779211d8,8c925644-3527-4713-a37a-7458857987ae,Pensée casser pont pauvre haine double rose matin essuyer fidèle arbre rocher.,2024-12-17 13:11:25,Vanne Régulatrice de Refroidissement SO2,SMM
ef8da489-6324-42e3-bb2e-1afdd47c82c3,01ab0c25-49f4-494e-8739-c1236931d532,En public trésor être même moins plutôt oreille oreille vivre chemin champ.,2020-08-08 05:00:11,REGISTRE D'AIR COIN 3 PLAN DD,34MM
779bdddc-747b-47ae-b5ea-34a922cddee0,1fadbd2e-8213-45b5-bbe7-609c9f9b4360,Parti vieux lit représenter promener danger.,2021-09-02 03:12:07,SAS A SOUS CHAMP 2 ELECTROFILTRE B,34GMC
05339bc9-31d7-4557-9705-7e3ddb68e3c5,66776911-166d-4cbf-9c59-b8922124b6b7,Crainte pont chef par danger couleur plaine article malheur faute.,2023-10-24 05:51:10,Mesure de Température Air Secondaire Avant Réchauffeur d'Air,34MG
1ea7fa8c-f61e-473e-8ebe-dea9f4b6739e,421dfe22-a1a6-48fb-8cdf-1ea89f8d3f93,Installer grain passé vague jour fixe paysan silence.,2021-12-17 22:04:32,SERVOMOTEUR VANNE D'ENTRÉE VAPEUR ÉJECTEUR DE MAIN,HSE
3abc52ab-dbd0-481b-8f7e-61f25cf51e5f,b04d16e3-c69e-42dd-9fcc-480c38c3eef1,Fils amener voix davantage silence travailler ordre intelligence fidèle réfléchir si.,2024-09-25 21:07:56,RAMONEUR   D'EFFACEMENT   IR20,HSE
341f22c3-3ef3-45fb-be47-62baa36743b0,6b34622e-bbc4-4f47-bd4f-1a0d34e7e617,Endroit politique brusquement mien drame banc départ un en.,2023-07-21 01:03:22,Systeme  de broyage U3,SMM
c9bca52f-f314-4937-9061-f154f93feeb9,6e475c6f-e604-4006-9811-2d4c0b20105d,Vers trou fou terrain bande on sens devoir glisser dangereux.,2021-11-08 00:38:24,Vanne isolation instrumentations ballon chaudiére,34MG
c7d6b540-e07a-498b-8b2e-d7c7cf4ef217,c2c1543a-8d06-4c00-b7de-b87178766263,Saint île tout présenter allumer cuisine perdu précis apporter midi dernier paix assister.,2023-06-02 20:23:56,PULV D UNDER/OVER BOWL PRESS,34EX
482449b9-e629-4e27-84b4-5f6c45bc23ef,744e6720-ce51-401e-80f6-7f6264a59554,Forme obéir comment profondément creuser vieux écraser aspect elle défaut.,2024-12-11 11:55:25,SOUPAPE FILTRE FIN HUMIDIFICATEUR,34MC
9135f758-f324-4c8c-bbfd-eee058ba8475,d3e617aa-b5b2-49db-8ba0-c09d4d2083b9,Roche apprendre oncle sourire banc interroger condition.,2024-08-03 04:19:59,Clapet non retour Débit nul pompe alimentaire pompe 30,34MG
4d267f4f-2cf9-4322-87cf-0bd353a331e0,52b20517-a1ba-4b78-8711-adebd336a6c2,Second fidèle vaste devoir oui complètement entrée plaindre.,2021-10-04 08:04:15,MOTEUR RAMONEUR LONG RETRACTABLE N°14 TYPE IKPOUR,34MD
1a2f2bb9-9bf7-451d-b43d-69fd69312cb3,e96ee01c-6d13-480b-a5bc-2c49bb05c70e,Pain robe officier enlever prince sorte.,2023-12-07 23:33:19,Vannes de la Sas Refus broyeur C,12MM
98d49e3d-ab8e-4a8a-b473-4c92a0a5269c,05b99274-9c03-4073-b564-ebfa2d5a5606,Également qui élément détail parmi garçon appartenir.,2025-06-16 02:13:43,RAMONEUR N°25 D'EFFACEMENT TYPE IR,34MM
cd4409fa-0118-40db-98a4-72c4c4ce052c,70a8f4c6-18de-47f5-81c6-42f7998a0d73,Chaleur car heureux vide social sans marquer particulier sauter vivre peser.,2022-03-23 14:08:47,POMPE FUEL  PRINCIPALE  N°2,12MM
b98212eb-0b19-4a20-8115-4bf062cbe4a4,00af7e99-c18b-40ff-b520-dedb47b17302,Bas verser réflexion porte soulever angoisse terminer asseoir danger le votre.,2025-01-22 20:37:47,Mesure de Température Palier Supérieur de PA10,LAB
00cb507d-5758-4b23-93f8-e379fa4b8cc7,7fde15d9-3de7-4c34-8a41-78a4b00d81f8,Retourner lever sourire autrement parcourir auquel patron avouer faible sentier songer tendre.,2020-07-09 03:50:15,CENTRALE HYDRAULIQUE CDE VANNE BY-PASS BP,14ENV
517f8af8-66ee-4ffe-abdc-a8238b8875e9,5178e0ec-035f-4c52-ab99-43d28a9525a4,Vaincre adresser comment droit haïr combat autant alors vieux.,2025-03-08 19:26:10,SERVOMOTEUR VANNE MOTORISEE REFOUL. PP ALIMENTAIRE,HSE
76a9f51e-969d-4107-8092-1203fa50ff9c,daf31dee-089e-473c-a97c-edfc2d6a9982,Roche habiller troisième absolument exister bon élément.,2024-03-01 05:01:00,Entrèe & sortie eau de mer condenseur,34GMC
ed6d05fb-db18-4a2e-b0ca-0b02de96c0ce,01ab0c25-49f4-494e-8739-c1236931d532,Chasse ensemble fils revenir problème vouloir figurer jeter vague blanc.,2022-11-25 17:51:43,Mesure de Température Métal du Surchauffeur ,LAB
1b9e05d5-b7e2-4c20-a162-ce5c8fbd91d1,d5e40ef9-2b00-49bc-837b-4a0b46b3d169,Guère mener beaucoup l'une protéger foi passé.,2024-08-29 01:53:18,VANNE DE REMPLISSAGE SAS A SOUS CHAMP 5 ELECTROFIL,14PER
9d44fabf-5e00-4362-9b5b-3a2f0565f0f7,67f28986-ca86-4e9e-a700-7bcca8a9982e,Ce suivant étonner français chaise bas premier observer autrefois entrer cependant souffrir de.,2020-11-14 03:22:24,CORNER  4 ATOMAZING STEAM HIGH POINT VENT,34CT
6a14c82a-5bef-41bc-871c-41b382422716,a70341dc-56e1-4ac2-9185-9b58502c8554,Un quinze présent frère etc général calmer autre.,2022-01-11 23:50:06,COAL FEEDER A,HSD
1ec63c92-4414-496b-be67-c51d1231b4c5,01ab0c25-49f4-494e-8739-c1236931d532,Rêve mais couper l'un animal présent siècle mari.,2023-06-14 16:19:32,Pompe de purge propre,SPM
14a3bcc9-cbce-4b7f-81e0-2ea7b02debbf,daf31dee-089e-473c-a97c-edfc2d6a9982,Yeux foule année car parce que avis croiser.,2024-03-08 16:54:36,CONVOYEUR DE NETTOYAGE  ALIMENTATEUR A,34MM
b1194804-d0c8-4089-be0d-066a55609362,f502af0f-2fad-474a-bc39-d882f169d0c7,Imaginer bande son prêt passage étonner silencieux projet gauche.,2024-11-13 05:58:31,MOTEUR DE NETTOYAGE CONVOYEUR ALIMENTATEUR,34MM
9973188e-4f0e-4ad0-b7a5-acc1c6a07c14,5178e0ec-035f-4c52-ab99-43d28a9525a4,Autre en exemple oeuvre gris sentiment fer.,2020-12-19 12:02:16,MOTEUR NETTOYAGE CONVOYEUR ALIMENTATEUR D,14LCH
446c3133-e408-4ffa-9e1a-b42455944df1,071f744d-2b59-4017-8b54-99363a1cca40,Rapide nouveau selon douze côté ancien ami adresser durer.,2022-03-27 04:19:43,Indicateur de Pression H2 Alimentation Alternateur,34MC
2ce4fd4f-31a4-49ad-b49d-14f44d273145,1d2a4306-0502-4368-a201-899fdfe5d46e,Plonger inviter sans changer ministre rassurer horizon.,2023-07-21 03:31:25,RAMONEUR LONG RETRACTABLE N°5 TYPE IK POUR LES ÉCH,34MD
1e84c821-f8c9-4bac-bb34-31633cc22c10,05b99274-9c03-4073-b564-ebfa2d5a5606,Plein jeune autre indiquer rare terre as visite.,2022-09-23 17:26:24,T HPT STARTING TRIPLE ELE,HSE
756ac9be-f848-422f-89a4-3b04bda0e2fb,7f3ff46b-5421-49a2-92ff-5557fff20d41,D'Autres nuit sur ressembler accord arriver.,2022-01-11 18:37:57,NIVEAU BACHE ALIM,34CT
30ac6a46-4cfc-46ba-8a7e-82b5ea6396ab,c6ae778f-94e3-41d1-9a06-7ac8eae2b9d9,Caresser quinze fortune sérieux réflexion montagne révéler sembler.,2024-06-02 22:56:40,SERVOMOTEUR VANNE DE REFROIDISSEMENT BP,HSE
2220609c-8cb6-4ade-8139-6cacfd8c5470,db4d1348-69e4-4af6-b977-361b0b0f2f05,Façon puissant petit parcourir reprendre pitié histoire trop preuve jouer important arme.,2025-02-01 14:45:49,EQUIPMENT DE FILTRATION / SCREENING EQUIPMENT,autres
73ebe59e-5b25-4e80-8042-2d62ca864ccc,5d34ddc7-cd24-4926-ad7d-99b73e817c51,Rompre de portier bouche reprendre jeunesse.,2023-08-30 01:14:49,SAS  SOUS CHAMP 5 ELECTROFILTRE B,SPM
09b47615-23f5-4443-9ad0-894d3d497cda,5f391c46-4f9f-41db-a5bc-95a214d7ddc7,Produire question vague vaste figure plante serrer morceau figure demi.,2023-08-16 08:23:46,SERVOMOTEUR VANNE MOT. REFOUL. PP D'EXTRACTION 2,HSE
f853a55b-9273-4aee-b835-a8b149091d61,f5cb47d0-2353-48e2-98cb-3a94554a554f,Selon agent tant pluie je élever.,2022-06-12 19:39:37,MOTEUR RAMONEUR LONG RETRACTABLE N°34 TYPE IK POUR,34GMC
7d50ef31-914d-4b9f-9d90-e65d1134b4d5,add65e89-e58b-4810-9a78-6247783d8752,Moyen absolu juge devant découvrir sombre noire ailleurs rose beau plusieurs agiter.,2022-02-02 17:35:36,VANNE DE DECHARGE DES SAS   SOUS CHAMP 6 ELECTROFI,HSD
118e3939-627a-4b5c-930f-b7a51df5cc1f,4329adc9-2947-43f7-ae98-e1006f40aedc,Humide maladie devant verser préparer user.,2020-07-27 16:41:31,FW 100% CONTR 1,SPM
fa0dcb2e-0302-4b07-b1fb-449dc8070e54,ecf5d507-cb6a-4d07-af67-71ec6951c4da,Goutte finir construire bien militaire réduire condition trésor voilà poursuivre poésie problème.,2021-10-03 22:04:43,RAMONEUR LONG RETRACTABLE N°13 TYPE IK POUR LES ÉC,HSD
541a62e0-12d2-45d0-bf17-14f570dce392,1fadbd2e-8213-45b5-bbe7-609c9f9b4360,Coucher trop troisième façon bataille ombre abandonner autour je si lisser barbe.,2024-01-20 09:53:45,PULVERIZER A1 DISCHARGE,34GMC
77d826fa-888a-43ce-adba-5ba4d9212da5,6128d6a0-682e-4321-a1d7-9a57a6cd2af3,Pendre étage famille bas confondre préparer étranger essuyer indiquer gauche réponse mémoire.,2022-12-19 11:32:41,RÉDUCTEUR DE VITESSE,34CT
fee5bd14-3158-4297-99d2-53de25cb758b,682be4a0-318a-4d5e-baec-89577cfa490d,Papier matin chemin chez tôt crier près.,2024-05-24 20:00:14,"Détecteur du brûleur, AB Angle N°2",HSD
b4d5761c-bfc3-405a-82b9-8588ee2c1427,b04d16e3-c69e-42dd-9fcc-480c38c3eef1,Révolution histoire suivre principe regard musique.,2020-11-23 05:23:23,DIF P ECH10 CCCW,HSD
1ef0beb9-27a8-41d7-867d-bb3541951579,70a8f4c6-18de-47f5-81c6-42f7998a0d73,Avance religion marche désirer journée autour affirmer affirmer appartenir réalité.,2025-06-15 15:18:01,Pompe nouriciere (booster)  N°10,34MD
e86ceb75-03ab-4243-bccc-0a740f84a36c,ecf5d507-cb6a-4d07-af67-71ec6951c4da,Rappeler accord attention allumer rapport complet genre.,2024-08-07 02:47:36,VANNE DE REMPLISSAGE SAS A SOUS CHAMP 3 ELECTROFIL,14ENV
8b43a198-9521-4f4b-a351-ff00e9f8e6ac,fcb1171d-3fb3-4695-9225-4aa60bf65788,Situation retenir départ sans départ classe lèvre riche foi compagnon certain.,2024-10-22 14:41:49,MOTEUR DE FRAPPAGE PLAQUE EMESSIVE CHAMP 2 FILE A,LAB
1a7f1945-ae86-42e1-aa64-98cd1b7e7003,108e6d57-ebad-4c04-b51d-b6586cc48f46,Maintenant revoir remplacer facile vraiment race bras déchirer danger environ pas.,2022-04-09 02:10:52,PRESSION DEGAZEUR,34MD
1138848f-47f9-4031-9dff-eb31ab03f47a,9fb026e6-46a5-4e00-a8be-a8673867fb12,Complet sang hôtel matin revenir quoi race.,2024-03-16 18:34:06,"CORNIER 4 EL ,AB FUEL  OIL ISOLATION",12MM
86c18c17-3ddd-438e-8ac6-d0b926b77c49,744e6720-ce51-401e-80f6-7f6264a59554,Secrétaire que d'abord aider tenter fermer.,2020-08-02 19:00:36,Indicateur  de niveau d'huile Station Hydraulique  du Broyeur D,34EXP
b3bb1ac2-b98a-44c7-aa9b-c5118f903bd9,ea20dd26-5178-4fab-ac36-5855da36d870,Raison point flot nu suivant notre décrire.,2020-09-20 07:01:18,TRANSFORMATEUR REDRESSEUR CHAMP5 FILE B,34EXP
18d9822d-1847-46b9-9aee-4410d9c6685e,8c925644-3527-4713-a37a-7458857987ae,Mille figurer paysan franchir mentir fenêtre minute.,2024-11-16 08:22:44,REGISTRE D'AIR COIN 4 PLAN  OFA4,34MM
5559125f-38ee-4d5f-8710-9811c226241f,e1768504-8b0f-4753-b9d8-35888de02a4b,Hasard lentement remercier début habiller éternel membre dresser.,2021-12-26 04:22:10,Vanne isolement CP Broyeur D / foyer angle 4,14ENV
81da2aee-1ef1-45a9-9b05-87443847b61c,8c925644-3527-4713-a37a-7458857987ae,Métier résultat écraser lisser sérieux vague satisfaire accuser ensemble.,2025-03-01 01:44:26,PULV C MOTOR,34MD
d1d6dd89-a1b2-4a6f-8af6-627fbdf955b1,14cee9a2-347d-4ad8-9ee4-7f0f842d2931,Trois poussière rejoindre voie ministre terre.,2022-05-31 17:45:24,REGISTRE D'AIR COIN 3 PLAN  OFA3,34MC
72874d9f-ad07-4d1f-8f3a-8251a03e0ea9,d5e40ef9-2b00-49bc-837b-4a0b46b3d169,Précéder imposer précis haut valoir état vaincre étendre permettre agir attitude selon souhaiter.,2024-08-21 17:05:05,éclairage et prise de courant  00/30/40JP,CH
a6e924b7-bb89-44c1-9b29-e085256dd76e,c6ae778f-94e3-41d1-9a06-7ac8eae2b9d9,Solitude répandre réfléchir couvrir dieu goutte docteur religion.,2023-08-31 05:13:43,CWP10 FILTRE DP,34MD
619a2af4-4735-4512-b071-e4ae897d69da,4329adc9-2947-43f7-ae98-e1006f40aedc,Gens traverser forêt penser main reste sauvage action sueur.,2022-07-21 15:31:11,REGISTRE D'AIR COIN 2 PLAN  OFA3,SMM
24d51d2b-c2a5-434d-afb2-ae6b17ee0d3b,7e0c17b4-832e-4693-b6e8-6df67a53bf32,Convenir curieux quarante lequel comment caractère vieillard somme etc lire jeune dépasser début aussi.,2022-08-21 08:10:14,MOTEUR RAMONEUR SEMI-LONG RETRACTABLE N°39 TYPE IK,HSE
3d5b123e-9d11-4ba3-bae8-d44d1d50b1a0,f9471ed3-5a6f-4a59-83c7-06195945ba42,Retenir présent contenter problème ouvrir aider raison peine grave expression montagne aider.,2020-10-16 01:34:29,Pressostat de Contrôle de Pression Sas  30ETG18BB001,SMM
00370b23-8e80-4b2d-9775-8b6cf49fc67e,1d2a4306-0502-4368-a201-899fdfe5d46e,Terminer trois ligne vêtir conseil chaque taire répéter feu.,2021-10-14 07:54:00,RAMONEUR LONG RETRACTABLE N°6 TYPE IK POUR LES ÉCH,CH
1c79aa3e-cd84-4373-a00f-cbebb1ff018f,f9471ed3-5a6f-4a59-83c7-06195945ba42,Propre troisième nation étudier vie relever froid rencontrer terrible pays arriver terminer pauvre paysan.,2022-10-11 12:28:55,STATION HYDROLIQUE,SMM
078db3ac-8eaf-4d74-ba95-8dfb9bb73265,e2183f03-56ef-43ea-801e-cb5b88a8fc7f,Mur présence extraordinaire peine affaire dieu exiger épais mais.,2021-02-08 10:27:25,REGISTRE D'AIR COIN 2 PLAN  OFA4,34EL
e687c294-73b9-4b61-b572-82d93873ecd7,a738c0f1-e548-4680-9409-ef6832ec1e32,Mon bas présenter journée bien perdre assurer curiosité notre.,2022-07-07 12:47:42,VANNE DE REMPLISSAGE SAS A SOUS CHAMP 4 ELECTROFIL,34EXP
59622cec-30c1-4b74-abe6-d08c3bd63839,5f391c46-4f9f-41db-a5bc-95a214d7ddc7,Chasse engager larme former demeurer promener pointe prince.,2022-02-23 11:33:41,SH DIVISION PANEL OUTLET LINKS (S-32) NITROGEN SUP,12MM
2d5c130a-8c2b-4b53-89e5-b441a4565cf3,ceea456b-e44c-4713-9b87-9d2fa4a3976a,Parole roi rôle principe intérieur côte matière interroger veiller disposer réflexion.,2023-11-05 17:31:32,BACHE HUILE D'AIR,14ENV
80e01f3c-e2f2-4960-9eb9-2734195a37a2,f8c9a701-d706-4186-a4ab-5576d5df25da,Entier soudain dire près usage rayon.,2020-08-14 20:22:26,Instrumentation pompe alimentaire 20,SPM
308cce98-2256-4c5b-bd22-2f00e4bd27f1,9d8baebe-30cd-410d-a352-666615217026,Mer épaule carte planche produire puisque.,2024-01-31 20:15:13,Soutirage N° 3,34CT
3f0c79ea-73a8-4a3d-a6de-0d0c5a361f9e,8339f76d-30eb-4918-99db-854ff69352fb,Assister toi consulter souhaiter village déchirer passé corps fruit présent événement madame amuser.,2024-08-30 05:44:44,SERVOMOTEUR DE LA VANNE AU REFOULEMENT DE LA POMPE,34EL
116bb76f-b429-482d-b1ec-8c768922add9,b38c7261-37ee-452c-af32-54b570ca4c16,Tout prince précis étranger veille très reposer obliger secret discussion ici question dame.,2024-01-13 05:25:12,VIREUR,SPM
cd6b355f-5a11-4d75-832a-799eb0212ee4,39d80114-6550-4afc-9cbc-fc0fb22f22cc,Arrêter sien instinct vrai fine fumer peser caresser inconnu chanter autrement remplacer.,2023-03-17 09:56:52,Armoires d' automates Advant 450,CH
1adf8a45-0a9b-4eae-8620-acc2bd6beee4,daf31dee-089e-473c-a97c-edfc2d6a9982,Sombre éloigner aller général mille monter montrer.,2023-04-06 21:02:14,POMPE DE GRAISSAGE POMPE ALIMENTAIRE,34EL
47d90a43-2428-4a29-866e-6045cdf85bd7,a5358f59-2fa2-40ce-8fb7-eeab3f0bda48,Visite trou supporter cent ce parcourir conclure fonder accord.,2024-02-15 10:13:22,REGISTRE D'AIR COIN 2 PLAN CD,34MC
b5418bb8-20f1-49b3-8be8-b3327ffd1df8,3c8c9836-b04d-477c-b331-e3101e4d592b,Aider transformer vers après ennemi devoir soir briser distance ramener satisfaire malgré vers.,2021-09-20 02:03:02,Mesure de Température Enroulement 6 Moteur du Ventilateur de Tirage  A,HSE
855b58d4-df45-4605-a325-48543e750af1,e96ee01c-6d13-480b-a5bc-2c49bb05c70e,Vingt air découvrir serrer tendre combien.,2022-09-10 17:35:50,FILTRE/REFRIGERANT POMPE DE CIRCULATION,12MM
a713de4a-a4c0-41c2-9563-c3c55ca5d7f4,d5e40ef9-2b00-49bc-837b-4a0b46b3d169,Droite ensemble briller subir cependant âge jusque épaule part.,2022-09-09 17:25:36,REGISTRE D'AIR COIN 3 PLAN B,14LCH
3750d59b-77b2-4ca7-9884-787d5eb8ed6e,add387d3-5e50-4e21-98ee-7e1fe22fe07b,Quoi scène lueur voie riche respect.,2025-05-22 07:08:40,PULV  D LUBE OIL HEATER,CH
0e253e95-e77f-4f58-a58b-4d87ed593019,37494786-8eeb-404e-bedf-f532bab67dea,Dernier expérience société là jaune tenter étudier bataille.,2022-12-28 12:57:08,évents ballon chaudière,34MC
f9016e3b-260c-47c2-8495-cdbcdb3acbfd,f771d801-5357-4818-976c-6a8102b713e2,Famille gros faire assurer écrire eh étendre revoir mémoire.,2023-09-12 03:21:23,RAMONEUR LONG RETRACTABLE  IK17,LAB
f92f770e-c1a0-470b-9872-8ddb4ab9d713,81859b82-aa80-4fbc-b57e-af95c49bdc8d,Discussion tour avance maladie dix accompagner raconter importance ennemi vouloir absolu.,2024-05-08 20:31:51,CENTRALE HYDRAULIQUE CDE VANNE BY-PASS BP,34MC
8432cfb8-ac27-4a22-aa59-0e2f449d12e6,ecf5d507-cb6a-4d07-af67-71ec6951c4da,Frais plein nouveau conduire rêver gauche officier envie maître exister sien tôt deux.,2022-11-21 10:05:13,Redresseurs: BTL02,34MM
dde1ce8f-9b1d-418c-a355-2596ca5e3087,81e56492-1149-49b2-95f6-22c7ea056c8b,Pourquoi genou si mariage sac expérience soudain chair soirée lorsque.,2022-06-29 07:16:06,Mesure de  Vibration Horizontale  Coté Moteur du  Ventilateur d'Air Primaire B,34EL
cffed7ba-5f3a-4fe2-a165-0a284d8bf63a,d82a8743-673d-4181-99fd-75b685bb7d7c,Ordre occasion comprendre transformer refuser caractère eaux espace haute occuper.,2024-07-24 06:43:04,Vanne Pneumatique d'entrée éjecteur de démarrage,autres
525c386b-8c83-4489-aaa2-6beb1d46214a,39d80114-6550-4afc-9cbc-fc0fb22f22cc,Coûter mort étudier doux fenêtre enfin groupe comment cerveau haut chien contenir.,2023-08-09 03:45:15,T COUS7 VOITH PA30,34MG
f0b08d24-2559-41e1-aad8-234c201684a1,8becbd89-5a10-405e-933a-8cf5d05aa6e4,Habitant imaginer chef rester enfin honte saint temps là que nuit chaise.,2023-10-31 20:00:01,Indicateur de Pression H2 Alimentation Alternateur,14LCH
055b3318-a1e2-4f20-9b85-c9e7a714c467,4acb2963-e64c-4a07-9f8d-ba03ec63aa6f,Comme nul or tapis disposer pain perdre yeux parti petit.,2024-01-01 22:50:29,Mesure de Température Conduite Charbon 1 Broyeur A,12MM
c05df5e9-54c0-4b44-a453-39d58108a8d2,6e475c6f-e604-4006-9811-2d4c0b20105d,Après respect poursuivre certainement toit éclater.,2022-07-17 00:03:15,"CORNIER 3 EL ,AB FUEL  OIL ISOLATION",SPM
3f57e96b-a3ac-460f-a420-99afea440172,53bb5efc-6c59-4c79-8fb1-fece02a82324,Quelque saison fumée chance fonder besoin entrée extraordinaire rien violence valoir certainement fatigue.,2021-02-21 17:58:21,REGISTRE D'AIR COIN 4 PLAN D,HSE
1ac46e23-c03f-47af-b0c3-992e77478d37,af7b4f7e-9324-4cf5-81ee-cda4561b7c74,Soin bientôt mari convenir cour demi crainte.,2024-11-16 22:48:45,GAINES DE FUMMES,HSE
fcb2d9d2-a255-4c02-9e7e-9dda2a6d5e29,2037f04d-1e5f-449e-be23-da1059b673d7,Changer fermer respirer classe créer apparence jeunesse tempête haïr.,2021-04-13 13:57:11,TRANSFO DE SOUTIRAGE,14PER
f34b32aa-5f18-4aea-9e28-59a3436e72f4,a5358f59-2fa2-40ce-8fb7-eeab3f0bda48,Tromper roche acte éteindre fenêtre écarter poser dent l'une bois éclat milieu travers.,2021-11-27 16:23:33,Systeme ramonage U3,autres
38876fc1-ad05-4383-9473-2c3b642fc030,add65e89-e58b-4810-9a78-6247783d8752,Signe fonction oncle suivant social frais tombe dehors.,2023-03-18 06:48:53,Silo de stockage des refus,34MC
07f23679-378b-4ffe-9118-deb746c32c64,5d9d102d-96a5-45c0-bc6b-b40ad635f61e,Étoile paix sauver beau haïr ligne tantôt.,2025-01-23 16:28:15,REGISTRE AIR TOTAL BROYEUR A.,SMM
b0d7016b-b163-43b1-8a3c-238411daec28,00af7e99-c18b-40ff-b520-dedb47b17302,Présence vue éprouver suivant troisième franchir ruine.,2024-09-02 17:30:48,REGISTRE VENTILATEUR AIR D'ETANCHEITE  BROYEUR A,34MD
65732f7a-6688-434a-8387-6380ce24d0bb,682be4a0-318a-4d5e-baec-89577cfa490d,Toi muet apparaître terrain après fruit lieu semaine croire.,2020-08-22 02:28:39,COAL FEEDER D CONTROL CABINET,12EL
11eef063-3365-48ad-ad52-0d5041d671c9,4329adc9-2947-43f7-ae98-e1006f40aedc,Éternel puissance son religion importer milieu cinq an.,2024-11-16 20:53:24,Vidange Pompe Alimentaire N°20,34EL
684a879a-5b02-48bb-aef5-f2828677dbfb,320ae365-8f2e-4ebf-9c05-dc0605b4fff5,Président seulement réclamer simple circonstance huit.,2020-07-26 22:38:10,ACIMULATEUR DE FIOUL N°001,34MG
b3dbaca8-9996-45a3-a300-de0e4701638b,528a957c-f9d4-401c-850a-1ad2169bb528,Connaître fait ainsi construire verser si beaux.,2024-07-23 09:04:42,SERVOMOTEUR DE LA VANNE DE DECHARGE DES SAS   SOUS,34MC
ace5aec9-7192-4374-bcff-766e8b0a88c8,9dd539c7-a626-4423-8dd6-2b6c1d8d5a22,Tâche battre en désir poitrine dent pareil éternel tranquille frais garder.,2022-09-27 10:13:55,Température Gaz Sortie Réchauffeur d'air,LAB
b3406a00-bba5-4f4c-8a6d-3194b12c8031,01ab0c25-49f4-494e-8739-c1236931d532,Jeune relever inquiéter quelque fruit déclarer être.,2022-12-29 15:57:12,SERVOMOTEUR VANNE MOTORISEE REFOUL. PP ALIMENTAIRE,34MM
54bea582-08b5-478c-a988-17cf6aab4996,e1a49bcc-0939-4a3a-88e3-5185b4589005,Rassurer cent roche poursuivre attention arriver pauvre angoisse rêver loi soldat drame pleurer.,2021-09-07 19:17:03,By-Pass Vanne Aspiration Pompe N° 20,34MG
76db3a6b-197f-489e-ab63-450578cd8678,b19afa19-b87f-43d7-b83e-d3c8a4d4f967,Doigt aucun perdu anglais verser condamner signer cheval quarante particulier visage.,2023-01-01 16:02:46,MOTEUR VENTILATEUR DE TIRAGE B,34GMC
2b98b882-88ed-4828-97ae-fe987e5a8b66,a5358f59-2fa2-40ce-8fb7-eeab3f0bda48,Fois camarade fin cesser remplacer étaler.,2025-04-21 07:12:32,SPRINKLER CAISSE À HUILE TURBINE,34MM
aa3f3ca8-a484-4cf4-9017-50d46492ce73,14cee9a2-347d-4ad8-9ee4-7f0f842d2931,Ministre bien rang deviner appartenir matière temps jeter glisser épais je pur siège.,2023-10-19 16:35:03,THERMOCOUPLE DOUBLE,34MD
73d829eb-cf20-4511-9fc0-b22e1e1aa102,f771d801-5357-4818-976c-6a8102b713e2,Regretter vague nature recommencer beaucoup tombe à absolument émotion mon pourtant côte.,2020-07-26 17:53:56,CORNER 4   EL. BC ATOMAZING STEAM   ISOLATION,12EL
73a84906-0c52-4f35-bfda-ee27946e1661,7f3ff46b-5421-49a2-92ff-5557fff20d41,Faible nouveau disparaître angoisse poitrine as rond.,2023-03-03 03:46:13,Mesure de Temperature Palier Coté …… de la Pompe Eau de Mer 10 CWP10(DE) BRG TEMP,12MM
ea9d640a-1b84-4d2f-8405-8ad35f85bb2f,39d80114-6550-4afc-9cbc-fc0fb22f22cc,Est rôle secrétaire réveiller aussitôt supposer enfin plein nez droite armée.,2024-03-23 02:39:40,POS CLAPS EL CCOFA 1,34CT
589abf99-b3c1-44e9-bc24-21a66450f67d,0e675249-fa20-48b9-b1d7-7d9a85ca8e81,Répondre valeur fermer sien seulement cher.,2022-10-24 13:42:03,VANNE DE RÉGULATION ARRIVÉE PRICIPALE DE,34EX
23685102-d240-411e-8a6f-99ba5f1b4641,b19afa19-b87f-43d7-b83e-d3c8a4d4f967,Bord oh endroit palais entier réussir tranquille mine conscience accord.,2020-12-17 15:23:24,S.H.SPRAY WATER CONTROL,34MG
b3396410-0033-46f6-b01e-fcf86a2490d5,c5799184-0dba-4180-a805-1028a4215ab8,Contenter renoncer effort bon personne nul elle depuis demain lieu moyen quoi.,2024-12-15 03:45:56,MOTEUR AGITATEUR RESERVOIR HYDRAZINE,HSD
135b8bb3-1148-47c6-84de-a83cbd24c1d5,a5af59de-3232-416a-b2f3-ec855be4a30e,Petit étranger jeune embrasser presque auquel.,2024-07-29 11:41:58,Echangeur SBT,34EX
54124e4a-ff47-406c-81be-0b43a7ce0265,52b20517-a1ba-4b78-8711-adebd336a6c2,Source oiseau vieil enfance tout oreille bien habitude mieux fatigue doucement remercier or.,2024-06-18 01:22:36,ligne eau alimentaire 10,14PER
5d494304-d7b9-426f-b80e-10016db3ad7d,421dfe22-a1a6-48fb-8cdf-1ea89f8d3f93,Ciel jardin réveiller pied partager en bout cheveu chaud alors prendre.,2023-11-02 23:23:14,Pompe nouriciere (booster)  N°30,SMM
d69dd355-09ec-4a8c-b44c-e9ef69556034,5178e0ec-035f-4c52-ab99-43d28a9525a4,Il considérer expérience acheter fenêtre ordre veiller mot.,2022-02-13 15:34:09,RESISTANCE ISOLATEUR SUPPORT CHAMP 4 FILE A,34EX
90d62cfe-cf87-455d-98e2-6a557c5e12cb,5d34ddc7-cd24-4926-ad7d-99b73e817c51,Pourtant couler sou voici dire premier acheter.,2023-12-04 00:44:09,POMPE D'EXTRACTION  N°1,34MD
7149a98d-1807-4210-b7be-465b95fae11e,150ef315-4a3d-4550-8485-b2cc156c929f,Passé avant attendre ou lendemain espèce quelqu'un faute répéter.,2022-09-01 14:35:14,Thermocouple  de Température  de la Vapeur de Traçage,34MC
00f11444-1d86-4807-a540-1b070312f4c9,7f3ff46b-5421-49a2-92ff-5557fff20d41,Interroger ce rapport oser même naître respecter beaux entier sembler fonder officier.,2022-10-28 17:37:32,Isolement vapeur d'inertage du broyeur D,14LCH
6bfb35b9-0514-47c3-a945-5ef7312ac452,52b20517-a1ba-4b78-8711-adebd336a6c2,Arrêter signer beau emmener pas frère.,2023-01-23 06:26:04,MOTEUR DE FRAPPAGE PLAQUE RECEPTRICE CHAMP 4 FILE,34GMC
75278cc5-d90c-4b95-b5dd-59440f7bebdf,0e675249-fa20-48b9-b1d7-7d9a85ca8e81,Coin morceau sujet mois premier discuter.,2024-02-07 11:36:19,RÉDUCTEUR DE VITESSE DE LA BANDE D'ALIMENTATION AL,34MC
953ace61-e67a-489a-b0b3-2f6680f0cefc,5ab0916f-be12-414f-8a8c-2986ad0828f3,Causer bien traîner vif repas endormir vendre pauvre avoir ligne situation.,2024-07-09 14:25:38,ID FAN A INLET VANE ACTUATOR MTR,34EX
748d9f5f-c402-460f-be20-d792328266ad,81859b82-aa80-4fbc-b57e-af95c49bdc8d,Dur le type service complet air.,2021-09-08 09:02:47,PROTECTION ALTERNATEUR,SMM
ea246274-0021-49b6-8b19-3fca9e5e76a6,071f744d-2b59-4017-8b54-99363a1cca40,Cinquante yeux emmener annoncer parvenir violent trouver attention mine fils désigner espoir horizon.,2020-10-02 19:31:40,Mesure de Température Enroulement 2 du Moteur Broyeur A,HSE
eb0de267-59bd-446f-975f-05b13e6901c3,1fadbd2e-8213-45b5-bbe7-609c9f9b4360,Mariage genre argent autant lutter rendre porter palais tenir heure chef heure précéder.,2024-06-01 00:37:23,SOUPAPE DE RAMONEUR LONG RETRACTABLE N°6 TYPE IK P,34CT
178339f4-8144-4f62-8493-3021b0694a60,a25a01fa-725e-49f3-92de-e6a63abe4fda,Soutenir revoir terrible gauche chemin prévoir respecter aider cinq sombre.,2020-10-18 10:38:34,FILTRE AMONT PPE EXTR 2,HSD
b7c1dd38-5e69-4050-8b84-6870781769eb,81e56492-1149-49b2-95f6-22c7ea056c8b,Compter lorsque rang million employer battre entraîner peau essayer.,2022-01-05 19:11:35,MANOMETRE A CONTACT DE DELTAP  FILTRE HUILE DE REG,14ENV
5a8e099e-8513-46d8-8e64-bdf20b260ce1,b19afa19-b87f-43d7-b83e-d3c8a4d4f967,Ce penser aujourd'hui dresser endroit toucher barbe signer payer campagne souffler trésor.,2024-11-29 21:17:43,Purgeur de conduite conditionnement VS,HSD
90216bd9-b05c-4458-bdf6-c7809787b633,f9ac871c-eaba-47b9-9168-b7b3c1d7364e,Mince vivre parce que car prétendre lieu acheter toucher vue silencieux apparence courant disparaître gauche.,2020-11-22 23:01:05,CORNER  4 ATOMAZING STEAM HIGH POINT VENT,HSD
b6cba24e-a042-4577-96c0-d085ef180008,8aaa2b80-4215-4bb5-a167-fed52bea9ca1,Croix cesser dont faible oeil témoin vieil.,2025-03-03 15:19:12,PULV C CORNER 1 DISCHARGE VALVE,34GMC
03404522-f02f-449e-80cb-842765534470,4329adc9-2947-43f7-ae98-e1006f40aedc,Malgré oeil intérieur âge chaise ventre autre tête.,2021-10-31 12:50:47,RAMONEUR LONG RETRACTABLE N°15 TYPE IK POUR LES ÉC,14ENV
8df1cbd1-8f78-4a03-8e23-f5ab52390572,c2c1543a-8d06-4c00-b7de-b87178766263,Vérité besoin noir tapis obéir glace droite juger ce animal fixer confiance dépasser.,2023-08-20 12:52:26,Purge normale BP 4,34CT
e05e1fb8-6658-4979-8c41-e060653b3a85,d1e82ff1-e194-4fcb-b805-d88cf1ac7945,Droite voyage faute complet demi est naturel ton vol.,2022-07-19 11:32:10,REGISTRE AIR CHAUD BROYEUR A,34MG
d6fa5c6f-0f30-4a9c-ae53-a53ac28cb909,071f744d-2b59-4017-8b54-99363a1cca40,Enfance printemps peser supporter rôle en chemin peu si commencement comme recherche.,2022-03-30 17:59:01,MOTEUR SECHEUR -CENDRES VOLANTES,autres
2704db0c-172f-4582-b3b1-2c7087851180,76b2439d-bc02-401c-914f-e36c8cb7bf0d,Cerveau profondément emmener produire l'un entrée effort ici.,2022-02-13 10:24:40,FD FAN A AIR FLOW,34EX
a6dd5c1d-fcda-4904-b59e-156d879a1a73,b04d16e3-c69e-42dd-9fcc-480c38c3eef1,Passion exposer hier deux son heure vif mêler courage rire.,2023-03-29 21:12:20,RAMONEUR LONG RETRACTABLE  IK31,12EL
a165776e-75cf-458f-bfd1-7deb61b9fa8b,ee3abc7a-0120-4715-bc5b-62a05a6d6c99,Mêler chant service former résister oser demi colline.,2024-02-13 20:26:16,RAMONEUR LONG RETRACTABLE N°6 TYPE IK POUR LES ÉCH,SPM
e9ef3492-7102-4899-89c3-c60c5290fddd,81859b82-aa80-4fbc-b57e-af95c49bdc8d,Sentir conversation machine secours côté monter travers.,2023-04-03 06:38:24,Compartiment / péniche bruleurs angle 4,autres
aa00dfbc-53a5-4c5b-8b0b-e6e4d51968b4,00436d58-0122-4896-b67f-e94022a291dc,Exposer remettre étonner rejoindre gauche nuage revoir.,2020-11-01 23:17:39,Purge ballon chaudière 3%,14LCH
5e4dcbac-4af9-47b0-b1eb-9dd1882fbe8f,f91137d0-460e-46c3-b010-249b17e7eb06,Animal marier salut doux pain nombreux fier éclater éprouver.,2021-04-23 03:43:36,FILTRE D'HUILE DE GRAISSAGE,34EL
60d5150f-835e-4ff7-8e45-4965c64db360,00af7e99-c18b-40ff-b520-dedb47b17302,Tenter colon sec sien terrain rideau franchir car taire.,2024-06-29 21:50:47,POMPES DE DESCHARGE,34MG
71fce666-70a7-413b-8127-6e4653767d2a,528a957c-f9d4-401c-850a-1ad2169bb528,Paix ainsi conscience trait discuter anglais nombreux général grave succès mon étouffer.,2021-12-02 16:36:32,RAMONEUR LONG RETRACTABLE N°36 TYPE IK POUR LES ÉC,12MM
e3a1654d-86cd-447f-aa09-f9b7848d9c0a,9155248d-f77e-4fb6-9f8d-ff52593e8e59,Sou moi somme bête regarder propos.,2025-05-10 00:06:04,SECHEUR DE GAZ 1,34EXP
b50149ee-1f6d-46b9-b8f4-46c6319b8e7b,d78e555e-f518-422a-b130-8a54a9ebada0,Pleurer discours relever réalité toujours froid papier ferme sentir occasion.,2022-09-12 07:16:44,SOUPAPE DE SURETÉ RECHAUFFEUR DE FIOUL N°20,HSE
e70534b2-53c5-433b-8e0f-33674a933eee,db4d1348-69e4-4af6-b977-361b0b0f2f05,Fou théâtre déchirer vers savoir bas vaste chemise chemise jeune ci prison.,2021-11-06 14:42:39,CORNIER 4  FUEL OIL HIGH POINT VENT,14LCH
8b144019-2751-4928-9a07-91ffe6c11f0f,fb2a4caa-b67f-43d8-8e30-2c561492e889,Race succès source grâce devant reculer détacher auprès témoin regard suivant entraîner profondément.,2024-03-23 22:43:12,Systeme  de broyage U3,CH
4ea18a41-ba25-473c-8281-ad8fb855c005,af0d48e5-2776-479a-9031-9a438791dbe9,Épaule foule pur fine drôle commencer jeu soirée verre âge.,2020-07-27 13:01:54,PULV D UNDER/OVER BOWL PRESS,34EX
ad795d2e-975e-4f59-9869-03b3aec2356c,df627032-f8fa-4a8f-b92a-0d20d28e1a82,Ne avec charger croiser police port jeune produire remonter posséder enfant charger.,2024-08-17 09:53:13,FOSSE EAU DE MER,34MM
496685f0-9b0e-42da-b7cd-2c3198e7a993,d5e40ef9-2b00-49bc-837b-4a0b46b3d169,Plutôt angoisse important travers yeux repas image patron rapporter tache cerveau.,2025-03-27 15:33:59,RAMONEUR N°20 D'EFFACEMENT TYPE IR,34EL
540844bb-9db6-4c6c-b8eb-0760fb019366,ceea456b-e44c-4713-9b87-9d2fa4a3976a,Résoudre flot jeter amour souhaiter lutte paraître descendre sujet midi main.,2024-04-19 08:45:08,REGISTRE D'AIR COIN 3 PLAN  OFA2,CH
25639257-5333-4120-96e0-c80543219c46,ee584a8a-b15d-41e8-9454-a489f51eb02a,Refuser regard empire table chanter élever six social étouffer envelopper horizon diriger crise.,2025-06-01 12:30:51,INJECTEUR SO3 2A,34EXP
4fb3195c-0217-4c72-8a27-a24e9bd1494c,ceea456b-e44c-4713-9b87-9d2fa4a3976a,Lien épais étranger secret nord fin aussitôt porter mieux sentir plaire doute.,2022-09-26 02:48:25,SERVOMOTEUR DE LA VANNE  DE REMPLISSAGE SAS A SOUS,LAB
67d2d759-7126-4465-9e38-c5b03009c88e,53bb5efc-6c59-4c79-8fb1-fece02a82324,Voisin longtemps curieux fruit dame autre rapporter répondre fait service forme pousser chaleur.,2022-10-19 04:34:44,AIR HEATER SOOTBLOWER  PESSURE REDUCING STATION,autres
66cf284b-2189-4cb8-a0e5-14a5b7e92a95,3cca8df0-66e0-4b80-b6e2-e3b45e49fcda,Demi machine occuper accompagner rompre pouvoir nerveux bon.,2023-03-07 06:09:16,SAS  SOUS CHAMP 2 ELECTROFILTRE A,12MM
1987eb3f-4dbb-46a9-8484-688c43afe456,f8c9a701-d706-4186-a4ab-5576d5df25da,Bonheur plaire cruel est poète autre causer voie servir demain point eh soleil.,2024-06-07 01:02:53,Transmetteur de Débit Massique du Soufre Entrée Bruleur,SMM
32186ca0-3b0c-48ef-bb13-d36bd2fab121,f6d9c357-f0ba-4cee-8797-1a05977cb738,Accorder chasse calme long façon voiture sauter troubler.,2025-02-26 18:45:06,REGISTRE D'AIR COIN 1 PLAN A,12EL
9eeed682-1b0b-4743-bb2b-34494fdd00d5,8ab799f5-144f-420c-b426-3d7e36b13f59,Escalier veille simple politique voiture vieux pendre annoncer.,2021-04-10 21:09:56,Mesure de Température Air Secondaire Avant Réchauffeur d'Air ,34GMC
a1cfc69d-726b-426b-abf2-71f95068e29e,39d80114-6550-4afc-9cbc-fc0fb22f22cc,Saison commander soit parole enfermer noire souvenir satisfaire.,2023-01-02 14:56:09,Mesure de Température Enroulement 1 Moteur du Ventilateur de Tirage  B,34EL
69f4f58c-b5fb-401a-8ea1-d914779872ac,59cc68ec-008f-41fe-8137-5aeddb9ba9de,Meilleur rendre tempête docteur ci subir troisième servir voilà tout.,2022-05-05 12:31:40,Control and protection chaudiere 3,34MD
bbc631e8-ed46-4027-a366-20cd797f8fe1,9feed3a5-01a1-468d-b024-dea75b0dd68d,Inviter phrase attitude sommet rond allumer inconnu cas me poursuivre naturellement somme trop.,2024-04-20 13:28:05,Transmetteur différentiel d'air primaire chaud/foyer,34MG
c3ea2f86-9747-43bc-8c52-95e022c7b6f9,4329adc9-2947-43f7-ae98-e1006f40aedc,Troisième mal point mal soir yeux arrière.,2024-04-12 14:41:43,REGISTRE D'AIR COIN 2 PLAN D,34EL
1f1ce0f3-20d2-4c64-bd96-fbcf2e0870e1,daf31dee-089e-473c-a97c-edfc2d6a9982,Tout forêt bon faim auprès seulement cinquante maintenir.,2024-04-20 01:41:27,CORNER 1 END AIR DAMPER DRIVE INSTRUMENT AIR,HSE
022aefcb-7dfe-48f7-a18c-f43d7c852afd,fcb1171d-3fb3-4695-9225-4aa60bf65788,Sourd essayer ouvert paysage maître décrire jaune visage cour je croix ventre.,2024-06-06 21:33:13,MOTEUR POMPE NORIA NON SECOURU,autres
72e05922-267c-4671-b5d0-12d401d88e02,2c66fce9-8341-43ed-9326-a6c4d0715912,Fil allumer chemin petit exemple vaincre aventure.,2023-05-24 04:24:15,MILL A OIL COOLER CCW OUTLET PRESSURE,34MC
74483dd0-a254-49dd-a26e-103e7d33fff2,c02e2a84-07c0-4d8b-9fc4-857d25702120,Flot maître rencontrer membre poids choix dans conclure voiture étoile cause suivant pour rang.,2022-05-08 12:17:20,Transmetteur 1 de pression ballon chaudière,34EX
d2771836-f9f5-4149-88ea-38fa940ca89e,5d34ddc7-cd24-4926-ad7d-99b73e817c51,Disposer champ arme courage train fils saint réserver chat colline.,2023-06-11 03:57:10,SSC LOW LEVEL SW/NIV DECRASSEUR BAS,12MM
a2026b22-57ef-465a-992d-1f148f3605e5,41497560-9387-49e2-9362-d5dd627522fc,Imaginer école grâce commencement société imposer désormais.,2023-06-06 18:32:23,Pompe alimentaire  principale  N° 30,34EXP
87498e4e-eafd-4a02-8a59-b15501b2ce8a,ffbdb124-3725-45e9-911c-1d14b603eb3e,Secours nommer durer appel perdre dans tout retrouver lune.,2023-04-16 04:22:40,Les Paliers de la turbine,34MC
d8d5a9ff-ef78-4c06-824c-10daa18bf67b,bdc3f038-04d2-461d-9f77-c0f5c77b453c,Quinze assurer doucement parmi lit effort comprendre point détacher respirer précipiter terminer arrière.,2024-01-15 06:34:28,MOTEUR SECHEUR -CENDRES VOLANTES,HSD
d488877e-9b13-46db-b324-8d405356db69,8329580a-3657-49b5-9cbc-8be96caaf19e,Parce Que tendre gloire sol recevoir autorité queue mur près brûler chemise poète véritable.,2022-08-02 07:25:05,CUVE À HUILE TURBINE,34MM
cef88321-8d48-4236-8345-2d2ea07ea6ce,52b20517-a1ba-4b78-8711-adebd336a6c2,Caresser fatigue forcer objet preuve loin particulier puis non.,2024-05-05 13:28:38,SOUPAPE DE RAMONEUR SEMI-LONG RETRACTABLE N°55 TYP,12EL
2ec1889a-bdc9-4f95-99b5-6dec121ab056,9fb026e6-46a5-4e00-a8be-a8673867fb12,Million arrière succès recueillir couche arracher.,2021-04-22 11:38:54,ARMOIRE AUX. DISJONCTEUR COUPLEUR  U3,LAB
be0b4c40-0118-4ff6-8d77-0f069c935830,4189b569-319e-479f-b462-ea34c5694769,Plaire âme aucun proposer dieu tranquille séparer entrer.,2021-06-23 08:58:16,Chauffage de la Bâche Alimentaire,SMM
8da3598a-a6ea-4e78-9bb7-0c66954e1c43,a8bd07dc-564e-4fd3-b1de-77bf2d6a645e,Plutôt sans quoi déchirer impossible dessiner simplement habitant ligne.,2020-07-26 05:39:12,Indicateur  de niveau d'huile Station Hydraulique  du Broyeur D,34GMC
c78b72eb-6359-4dcb-9653-63eb431b75fb,daf31dee-089e-473c-a97c-edfc2d6a9982,Veiller tenter sac bataille père apparaître commencer soir baisser parmi donc vin.,2020-11-16 13:24:55,PULV C LUBE OIL HEATER,14PER
81f1a261-108e-4d57-a796-30ba974ddded,39856d3f-08e8-4824-a687-c9c58343a1c0,Lumière dire achever courir crise rompre emporter as salle sur glisser amuser vite.,2022-05-28 23:19:45,"Tube de pitaux N°1 aspiration ventillateur A"".""",HSD
538be0c1-edfa-4133-9bd2-1ac376a02e55,81859b82-aa80-4fbc-b57e-af95c49bdc8d,Ouvrage terreur prince salle affaire supérieur.,2021-06-22 16:09:06,MOTEUR RAMONEUR LONG RETRACTABLE N°9 TYPE IK POUR,HSE
42721b5a-a230-40e1-896d-a1e8a4450fd4,8aaa2b80-4215-4bb5-a167-fed52bea9ca1,Bras avenir autour vent bureau importance obtenir interrompre jeunesse quart remettre satisfaire particulier.,2022-10-03 14:20:48,SOUPAPE DE SURETÉ RECHAUFFEUR DE FIOUL N°20,HSE
2410eded-05eb-4e3b-9e4a-b5ea91135db4,a17dc56e-64ff-4e7d-aa08-0ec5d345478b,Ouvrage chacun couleur lire avant croix écouter content tellement.,2022-03-07 19:27:30,BOILER  SOOTBLOWER  PESSURE REDUCING STATION,34EXP
3a810362-c68d-4919-847e-dd2768a90c34,39d80114-6550-4afc-9cbc-fc0fb22f22cc,Ancien but obliger rouge suivant santé extraordinaire drôle souvenir tâche.,2021-03-01 17:59:02,REGISTRE AIR FROID BROYEUR A,34GMC
323bc119-a9c3-4971-8264-535c73d8ad93,e96ee01c-6d13-480b-a5bc-2c49bb05c70e,Volonté neuf bande effet courir précieux cri dégager ruine public.,2020-08-20 12:47:46,Instrumentations du condenseur,14PER
6c2c24de-3c41-4174-acea-98b45059b834,1d2a4306-0502-4368-a201-899fdfe5d46e,Dépasser cabinet froid juger chemise dessus quant à aider charger un réussir.,2020-12-24 09:39:59,Systéme SO3,34EL
47e8d2e5-c9c9-4057-99f3-b3d27ec14654,8c925644-3527-4713-a37a-7458857987ae,Penser source front sorte marier professeur vide beaucoup.,2025-05-26 21:29:41,Electrofiltre A champs 1,34MG
a84ff1d7-a594-4b45-a524-484559a57026,ad88b5ff-820b-4141-978d-58a984df0885,Embrasser hier décrire drame quant à souffrance discours quart usage déjà rompre forme.,2024-10-14 19:13:53,AIR HEATER GAS INLET TEMP OR OXYGEN ANALISIS,SPM
d7331c2b-7890-402e-aa2e-91f7396ef095,fcb1171d-3fb3-4695-9225-4aa60bf65788,Nouveau pluie jardin chasser paysan parcourir traverser veiller ramasser.,2021-08-31 06:57:12,CAMERA N°2 DE SURVEILLANCE FOYER,34EL
84bde5b4-c9ea-408c-ac4a-f6d644ea5b4c,9dd539c7-a626-4423-8dd6-2b6c1d8d5a22,Établir oublier champ jeune dans trouver succès réalité contenir battre.,2024-10-10 17:33:23,Vannes de la Sas Refus broyeur C,14PER
28b7ed63-5079-42bc-919f-9ebf771a0521,70a8f4c6-18de-47f5-81c6-42f7998a0d73,Patron charger contenir près condition portier face désert remercier bout droite.,2021-01-29 05:42:44,VANNE DÉLUGE DU RÉCHAUFFEUR D'AIR,34MC
ab1a86f0-d297-4a71-a4ae-7964b00ce5f9,8aaa2b80-4215-4bb5-a167-fed52bea9ca1,Acte creuser fin bande scène réserver âgé taille attacher lieu.,2021-05-15 19:58:16,REGISTRE D'AIR COIN 2 PLAN CD,autres
0f5af011-ae9d-4dcf-acc0-262688c24b85,9dd539c7-a626-4423-8dd6-2b6c1d8d5a22,Essuyer remplir faute frais inutile soir réveiller pencher ah conduire tache après.,2020-11-13 14:03:49,RAMONEUR N°47 D'EFFACEMENT TYPE IR,34MG
5cc5ebe2-4dad-413c-b49d-dca968a2f3d6,9fb026e6-46a5-4e00-a8be-a8673867fb12,Trace réclamer barbe chanter sec ombre joue commencer direction pencher ceci sentir.,2021-09-05 15:20:14,MOTEUR BROYEUR D,HSD
cdac3863-e8e8-4787-a122-8090c406b364,682be4a0-318a-4d5e-baec-89577cfa490d,Détail cause faveur santé ensemble train.,2025-07-03 04:28:06,PULV D MOTOR,autres
d9402065-e2d6-444e-b411-a9ee6d4fd5b3,d5e40ef9-2b00-49bc-837b-4a0b46b3d169,Avenir quatre année contenir réclamer abandonner contenir autant ignorer rentrer président voyager accomplir.,2021-03-02 03:28:32,SAS A SOUS ÉCONOMISEUR,SMM